ID,Main Road,At Road,From Road,To Road,District,Road Type,Latitude,Longitude,Start Date Time,End Date Time,Note,Description,Urgent
"18486","DISCO RD","ATTWELL DR","","","Etobicoke York","Collector","43.701371","-79.608945","2014-11-13 07:00","2015-11-13 17:00","Daily","The eastbound and westbound lanes will be occupied due to road widening, construction of substructure of Disco/Goreway and median construction.","Planned"
"19356","DUNDONALD ST","15 Dundonald St","","","Toronto and East York","Local","43.665896","-79.383999","2014-12-22 00:01","2016-11-24 23:59","Continuous","The westbound lanes will be occupied due to TTC Wellesley fire ventilation upgrades and second entrance.","Planned"
"19464","EGLINTON AVE E","PETMAN AVE","","","Toronto and East York","Major Arterial","43.709362","-79.384868","2015-01-07 07:00","2015-10-31 19:00","Daily","Eastbound and westbound curb lanes are occupied due to traffic control setup and jersey barriers","Planned"
"20028","EGLINTON AVE W","RENFORTH DR","","","Etobicoke York","Major Arterial","43.66448","-79.589049","2015-02-05 00:01","2016-12-30 23:59","Continuous","The westbound sidewalk will be occupied due to road construction.","Planned"
"20546","MEADOWVALE RD","","KINGSTON RD","SHEPPARD AVE E","Scarborough","Minor Arterial","43.795571","-79.164919","2015-09-03 09:00","2015-10-04 15:00","Daily","Northbound curb lane will be blocked due to manhole maintenance.","Planned"
"21209","GARDINER EXPY W SHERBOURNE RAMP","","","","Toronto and East York","Expressway Ramp","43.647013","-79.365054","2015-06-04 23:00","2016-12-31 23:59","Continuous","The westbound Gardiner off-ramp to Lower Sherbourne is closed permanently.","Planned"
"21229","ALBION RD","","STEINWAY BLVD","CODLIN CRES","Etobicoke York","Major Arterial","43.74811","-79.628854","2015-04-13 00:01","2015-10-30 23:59","Continuous","The eastbound and westbound lanes will be occupied (alternating) for connecting Hwy 427 northbound and southbound bridge structures above Albion Road.","Planned"
"21288","CEDAR DR","","EGLINTON AVE E","DUNELM ST","Scarborough","Collector","43.744012","-79.215645","2015-04-10 07:00","2015-12-31 19:00","Continuous","Lanes in all directions will be restricted due to watermain replacement.","Planned"
"21296","EGLINTON AVE E","","DUNFIELD AVE","HOLLY ST","Toronto and East York","Major Arterial","43.707167","-79.396209","2015-04-08 00:01","2015-10-31 23:59","Continuous","The northbound lanes will be occupied due to setting-up of jersey barriers, one lane each direction (eastbound and westbound) will be open.","Planned"
"21539","EGLINTON AVE W","COMMERCE BLVD","","","Etobicoke York","Major Arterial","43.662501","-79.591141","2015-04-27 00:01","2015-10-12 23:59","Continuous","Full road closure due to the Renforth Gateway bus rapid transit hub construction.","Planned"
"21777","DUFFERIN ST","","JANE OSLER BLVD","EGLINTON AVE W","North York","Major Arterial","43.708462","-79.453597","2015-05-04 00:01","2015-10-30 23:59","Continuous","The northbound and southbound lanes will be occupied due to road resurfacing.","Planned"
"22074","ACACIA RD","","DAVISVILLE AVE","BELSIZE DR","Toronto and East York","Collector","43.70092","-79.3898","2015-05-12 13:00","2015-10-06 20:00","Weekdays","All lanes are occupied due to temporarily park vendor vehicles in connection with the Davisville Farmers' Market at June Rowlands Park.","Planned"
"22076","DURANT AVE","","MEMORIAL PARK AVE","MORTIMER AVE","Toronto and East York","Collector","43.691","-79.32892","2015-05-12 05:00","2015-10-27 15:00","Weekdays","Northbound curb lane will be occupied to temporarily park vendor vehicles in connection with the East York Farmers' Market at the East York Civic Centre.","Planned"
"22118","DUNDAS ST W","","SHAW ST","CRAWFORD ST","Toronto and East York","Major Arterial","43.64993","-79.41769","2015-05-05 12:30","2015-10-27 20:00","Continuous","The curb lane will be occupied every Tuesday due to the Trinity Bellwoods Farmers Market in the Park.","Planned"
"22252","FRONT ST W","","JOHN ST","SIMCOE ST","Toronto and East York","Minor Arterial","43.643999","-79.388601","2015-05-11 06:00","2015-10-15 15:00","Daily","Northbound curb lane will be occupied due to street event parking permit for vendor vehicles.","Planned"
"22350","PHARMACY AVE","","EGLINTON AVE E","ST CLAIR AVE E","Scarborough","Minor Arterial","43.72551","-79.29763","2015-05-11 07:00","2015-12-31 19:00","Daily","The northbound and southbound curb lanes will be occupied for road resurfacing.","Planned"
"22451","BRIDGEPORT DR","","LAWRENCE AVE E","LAKERIDGE DR","Scarborough","Local","43.776191","-79.139749","2014-11-24 07:00","2015-11-07 19:00","Daily","Northbound and southbound lanes will be blocked due to Toronto Hydro underground installation.","Planned"
"22458","PORTSMOUTH DR","","LAWRENCE AVE E","BRIDGEPORT DR","Scarborough","Local","43.77804","-79.14342","2015-04-19 07:00","2015-12-09 19:00","Daily","All lanes one at a time in each direction will be occupied for THESL underground installation.","Planned"
"22616","MC CONNELL AVE","","FENWICK AVE","CARLAW AVE","Toronto and East York","Local","43.67638","-79.34771","2015-05-23 07:00","2015-10-24 14:00","Weekends","Eastbound curb lane will be occupied due to vendor vehicles in connection with the Withrow Park Farmers market. Every Saturdays.","Planned"
"22623","MC CONNELL AVE","","FENWICK AVE","CARLAW AVE","Toronto and East York","Local","43.676377","-79.347671","2015-05-23 07:00","2015-10-24 14:00","Daily","The southbound curb lane will be occupied for vendor vehicles in connection with the Withrow Park Farmers Market.","Planned"
"22782","EGLINTON AVE W","","RENFORTH DR","MATHESON BLVD","Etobicoke York","Major Arterial","43.666324","-79.588663","2015-05-26 00:01","2015-11-30 23:59","Daily","The eastbound right lane will be occupied due to construction of the Renforth Gateway Bus Rapid Transit Hub.","Planned"
"22808","PRINCESS MARGARET BLVD","","ABINGER CRES","WEYBRIDGE CRT","Etobicoke York","Collector","43.66988","-79.548426","2015-05-27 07:00","2015-12-01 19:00","Daily","The eastbound curb lane, westbound curb lane, northbound curb lane and southbound curb lane will be occupied due to maintenance work.","Planned"
"22885","RUSTIC RD","CORNELIUS PKWY","","","Etobicoke York","Collector","43.71925","-79.47511","2015-06-01 00:01","2015-10-30 23:59","Continuous","No lane restrictions. Only access to North Park via Rustic Road required for sanitary sewer improvements in North Park ravine.","Planned"
"23059","HIGH PARK AVE","ANNETTE ST","","","Etobicoke York","Collector","43.66291","-79.46926","2015-06-01 07:00","2015-12-31 19:00","Daily","The southwest curb lane will be occupied due to pole and overhead line replacement.","Planned"
"23378","KELFIELD ST","71 Kelfield St","KELFIELD ST","DIXON RD","Etobicoke York","Local","43.68698","-79.57594","2015-06-15 07:00","2015-12-15 17:00","Daily","The eastbound and northbound lanes will be occupied due to cable chamber building and trench excavation to install duct bank for Toronto Hydro by Valard Construction.","Planned"
"23455","BIRCHMOUNT RD","","BAY MILLS BLVD","SHEPPARD AVE E","Scarborough","Major Arterial","43.78252","-79.29888","2015-06-16 09:00","2015-11-14 16:00","Daily","The southbound and northbound curb lanes will be alternately occupied due to the THESL underground installation.","Planned"
"24267","EGLINTON AVE E","","HOLLY ST","TAUNTON RD","Toronto and East York","Major Arterial","43.707057","-79.396676","2015-07-07 00:01","2015-10-07 23:59","Continuous","Alternating eastbound and westbound lanes will be occupied due to traffic setup for station headwalls and extraction shaft.","Planned"
"24299","ROSE PARK DR","","MOUNT PLEASANT RD","HUDSON DR","North York","Local","43.691345","-79.38369","2015-07-08 07:00","2015-10-20 19:00","Continuous","The eastbound and westbound lanes will be occupied due to thesl underground installation.","Planned"
"24372","FULWELL CRES","","OLLERTON RD","OLLERTON RD","North York","Local","43.751076","-79.502753","2015-07-10 07:00","2015-10-30 19:00","Daily","The lane will be occupied due to road construction.","Planned"
"24469","HUMBERCREST BLVD","BABY POINT CRES","ST MARKS RD","BLOOR ST W","Etobicoke York","Collector","43.657531","-79.492568","2015-07-15 07:00","2015-10-15 19:00","Daily","The northbound and southbound right lanes will be occupied due to hydro pole replacement program.","Planned"
"24484","GARY DR","LANGSIDE AVE","","","Etobicoke York","Collector","43.711189","-79.518429","2015-07-15 00:01","2015-10-15 23:59","Continuous","The northbound lane will be occupied due to hydro pole rebuild.","Planned"
"24607","ASHTON AVE","MONTANA AVE","","","Etobicoke York","Local","43.72078","-79.50086","2015-07-20 07:00","2015-12-15 19:00","Daily","Westbound lane will be occupied due to watermain and water service replacement.","Planned"
"24620","KEELEGATE DR","","KEELE ST","CUFFLEY CRES S","North York","Collector","43.73323","-79.48297","2015-07-20 07:00","2015-12-15 19:00","Daily","Eastbound lane will be occupied due to watermain and water service replacement.","Planned"
"24621","DERRYDOWN RD","","CATFORD RD","GRANDRAVINE DR","North York","Local","43.758635","-79.492796","2015-07-20 07:00","2015-12-15 19:00","Daily","The northbound and southbound lanes will be occupied due to watermain and water service replacement.","Planned"
"24627","CUFFLEY CRES N","KEELEGATE DR","","","North York","Local","43.73333","-79.48239","2015-07-20 07:00","2015-12-15 19:00","Daily","The westbound and southbound lanes will be occupied due to water main and water service replacement by Rabcon Contractors Ltd. (Schedule: Mon-Fri 7a-7p; Sat 9a-6p)","Planned"
"24628","MONTANA AVE","","WILSON AVE","DOWNSVIEW AVE","North York","Local","43.720856","-79.50142","2015-07-17 07:00","2015-12-15 19:00","Daily","One northbound and southbound lane will be occupied due to watermain and water service replacement. Traffic will be maintained in both directions.","Planned"
"24629","CUFFLEY CRES S","KEELEGATE DR","","","North York","Local","43.73398","-79.47946","2015-07-20 07:00","2015-12-15 19:00","Daily","The northbound, southbound, and eastbound lanes will be occupied due to water main and water service replacement by Rabcon Contractors Ltd. (Schedule: Mon-Fri 7a-7p; Sat 9a-6p)","Planned"
"24630","OLLERTON RD","","KEEGAN CRES","GRANDRAVINE DR","North York","Local","43.751521","-79.503061","2015-07-20 07:00","2015-12-15 19:00","Daily","One northbound and southbound lane will be occupied due to watermain and water service replacement. Traffic will be maintained in both directions.","Planned"
"24638","DOVEHOUSE AVE","","SENTINEL RD","KEELE ST","North York","Local","43.748615","-79.493237","2015-07-20 07:00","2015-12-15 19:00","Daily","The westbound lane will be occupied due to watermain and water service replacement.","Planned"
"24677","FARNINGHAM CRES","","ASHFORD DR","LLOYD MANOR RD","Etobicoke York","Local","43.67033","-79.55194","2015-07-20 07:00","2015-11-30 19:00","Daily","All lanes (alternating) are occupied due to construction","Planned"
"24734","RUTH AVE","459 & 488 RUTH AVE","","","North York","Local","43.793833","-79.395474","2015-07-22 07:00","2015-12-17 19:00","Daily","The westbound curb lane will be occupied due to underground installation by Toronto Hydro-Electric Systems Limited.","Planned"
"24738","EGLINTON AVE W","","AVENUE RD","","Toronto and East York","Major Arterial","43.70463","-79.408485","2015-07-23 07:00","2015-10-31 17:00","Continuous","All eastbound and westbound lanes will be occupied due to tunnel boring machine relocation for the Eglinton Crosstown LRT.","Planned"
"24739","DONNA CRT","33 DONNA CRT","MAXOME AVE","","North York","Local","43.789473","-79.40094","2015-07-22 07:00","2015-12-17 19:00","Continuous","The eastbound and westbound centre lanes will be occupied due to THESL underground installation.","Planned"
"24741","MAXOME AVE","103 MAXOME AVE","","GUSTAV CRES","North York","Collector","43.79013","-79.40096","2015-07-22 07:00","2015-12-17 19:00","Continuous","The northbound and southbound centre lanes will be occupied due to THESL underground installation.","Planned"
"24742","ALGO CRT","36 ALGO CRT","RUTH AVE","","North York","Local","43.793685","-79.396121","2015-07-22 07:00","2015-12-17 19:00","Continuous","The northbound, southbound, eastbound, and westbound centre lanes will be occupied due to THESL underground installation.","Planned"
"24760","ASHTON AVE","","MONTANA AVE","MONTANA AVE","North York","Local","43.72072","-79.501192","2015-07-20 07:00","2015-12-15 19:00","Daily","The westbound lane will be occupied due to watermain and water service replacement.","Planned"
"24762","CUFFLEY CRES N","","KEELEGATE DR","KEELEGATE DR","North York","Local","43.734562","-79.481389","2015-07-20 07:00","2015-12-15 19:00","Daily","The westbound and southbound lane will be occupied due to watermain and water service replacement.","Planned"
"24764","CUFFLEY CRES S","","KEELEGATE DR","KEELEGATE DR","North York","Local","43.732847","-79.480456","2015-07-20 07:00","2015-12-15 19:00","Daily","The northbound, southbound and eastbound lane will be occupied due to watermain and water service replacement.","Planned"
"24765","DERRYDOWN RD","","CATFORD RD","GRANDRAVINE DR","North York","Local","43.758592","-79.492864","2015-07-20 07:00","2015-12-15 19:00","Daily","The northbound and southbound lane will be occupied due to watermain and water service replacement.","Planned"
"24767","DOVEHOUSE AVE","","SENTINEL RD","KEELE ST","North York","Local","43.748539","-79.493144","2015-07-20 07:00","2015-12-15 19:00","Daily","The westbound lane will be occupied due to watermain and water service replacement.","Planned"
"24768","MONTANA AVE","","WILSON AVE","DOWNSVIEW AVE","North York","Local","43.722103","-79.50194","2015-07-20 07:00","2015-12-15 19:00","Daily","The northbound and southbound lane will be occupied due to watermain and water service replacement.","Planned"
"24769","KEELEGATE DR","","KEELE ST","CUFFLEY CRES S","North York","Local","43.733337","-79.482445","2015-07-20 07:00","2015-12-15 19:00","Daily","The eastbound lane will be occupied due to watermain and water service replacement.","Planned"
"24788","ELLESMERE RD","2401 Ellesmere Rd","CHANCELLOR DR","SCARBOROUGH GOLF CLUB RD","Scarborough","Major Arterial","43.77842","-79.22276","2015-07-21 09:00","2015-11-05 16:00","Daily","The eastbound curb lane will be occupied due to THESL underground installation by Powerline Plus.","Planned"
"24796","OLLERTON RD","","KEEGAN CRES","GRANDRAVINE DR","North York","Local","43.752717","-79.50455","2015-07-20 07:00","2015-12-15 19:00","Daily","The northbound and southbound lanes will be occupied due to watermain and water service replacement.","Planned"
"24927","STARCROSS CRT","","EMILY AVE","STARCROSS CRT","Etobicoke York","Local","43.755898","-79.579932","2015-07-30 07:00","2015-10-31 19:00","Daily","One lane in all directions will be occupied one at a time due to Toronto Hydro underground installation.","Planned"
"25082","ROBINSON AVE","","BELLWOODS AVE","BATHURST ST","Toronto and East York","Local","43.645865","-79.410591","2015-08-04 07:00","2015-12-16 19:00","Daily","The southbound curb lane will be occupied due to full length trenchless rehabilitation of existing water mains.","Planned"
"25227","KIPLING AVE","","HENLEY CRES","LAKELAND DR","Etobicoke York","Collector","43.730654","-79.575805","2015-08-17 07:00","2015-10-30 19:00","Continuous","The southbound lane will be occupied due to Kipling/ Humber river bridge deck replacement.","Planned"
"25266","MIDDLEFIELD RD","","NEWMILL GT","MCNICOLL AVE","Scarborough","Collector","43.8229","-79.26302","2015-08-12 07:00","2015-12-24 19:00","Daily","Southbound curb lane will be occupied due to thesl underground installation.","Planned"
"25313","O CONNOR DR","","BROADVIEW AVE","DONLANDS AVE","Toronto and East York","Minor Arterial","43.692282","-79.355624","2015-09-08 07:00","2015-11-12 19:00","Continuous","One eastbound and one westbound lane will be occupied due to road resurfacing.","Planned"
"25314","MOUNT PLEASANT RD","TED ROGERS WAY","BLOOR ST E","TED ROGERS WAY","Toronto and East York","Major Arterial","43.671825","-79.379375","2015-08-24 07:00","2015-10-31 19:00","Continuous","The northbound and southbound lanes will be occupied due to THESL underground installation.","Planned"
"25318","IVY AVE","","LESLIE ST","GREENWOOD AVE","Toronto and East York","Local","43.672414","-79.334193","2015-08-17 07:00","2015-11-17 19:00","Continuous","The eastbound lane will be occupied due to installation of watermain, storm sewer associated services and permanent restoration.","Planned"
"25357","WILSON AVE","HWY 401","","","Etobicoke York","Major Arterial","43.718361","-79.520033","2015-08-13 09:00","2015-11-15 15:00","Daily","Two eastbound lanes will be occupied due to bridge reconstruction.","Planned"
"25389","GARDINER EXPY EB","","JAMESON AVE","BATHURST ST","Toronto and East York","Expressway","43.6374","-79.41012","2015-08-19 00:01","2015-12-31 23:59","Continuous","Eastbound Gardiner reduced from 3 to 2 lanes due to Gardiner deck rehabilitation.","Planned"
"25391","GARDINER EXPY WB","","SPADINA AVE","JAMESON AVE","Toronto and East York","Expressway","43.63877","-79.39222","2015-08-19 00:01","2016-10-31 23:59","Continuous","Westbound Gardiner reduced from 3 to 2 lanes due to Gardiner deck rehabilitation.","Planned"
"25398","KIPLING AVE","MOUNT OLIVE DR","","","Etobicoke York","Major Arterial","43.746809","-79.583833","2015-08-13 07:00","2015-10-31 19:00","Continuous","The northbound and southbound lanes will be occupied due to watermain and sewer installations.","Planned"
"25438","RED MAPLE CRT","","ELKHORN DR","ELKHORN DR","North York","Local","43.770592","-79.380627","2015-08-18 07:00","2016-06-30 19:00","Daily","The northbound and southbound lane will be occupied due to watermain and water service replacement.","Planned"
"25443","CLIFFWOOD RD","","DON MILLS RD","FRESHMEADOW DR","North York","Collector","43.804905","-79.354786","2015-08-16 07:00","2016-06-30 19:00","Daily","The eastbound and westbound lanes will be occupied due to watermain and water service replacement.","Planned"
"25444","GLENEAGLE CRES","","KINGSLAKE RD","KINGSLAKE RD","North York","Local","43.782755","-79.342218","2015-08-18 07:00","2016-06-30 19:00","Daily","The northbound and southbound lanes will be occupied due to sewer replacement.","Planned"
"25445","COMMONS DR","","ESQUIRE RD","FARMCREST DR","Scarborough","Local","43.774172","-79.319393","2015-08-18 07:00","2016-06-30 19:00","Daily","The northbound and southbound lanes will be occupied due to watermain and water service replacement.","Planned"
"25449","ELGIN RD","","","","North York","Local","43.77281","-79.4313","2015-08-18 07:00","2016-06-30 19:00","Daily","The northbound and southbound lane will be occupied due to watermain and water service replacement.","Planned"
"25455","UNICORN AVE","","SNOWCREST AVE","SNOWCREST AVE","North York","Local","43.792294","-79.386653","2015-08-18 18:11","2016-06-30 21:11","Daily","The eastbound and westbound lanes will be occupied due to sewer main replacement.","Planned"
"25464","ENDSLEIGH CRES","","EDMONTON DR","IPSWICH CRES","North York","Local","43.781181","-79.338496","2015-08-18 07:00","2016-06-30 19:00","Daily","The eastbound and westbound lanes will be occupied due to sewer main replacement.","Planned"
"25478","BONNYCASTLE ST","QUEENS QUAY E","","","Toronto and East York","Local","43.645574","-79.364393","2015-08-17 00:01","2015-12-15 23:59","Continuous","Northbound lane will be blocked due to water work.","Planned"
"25483","QUEENS QUAY E","","BONNYCASTLE ST","PARLIAMENT ST","Toronto and East York","Major Arterial","43.645569","-79.364391","2015-08-17 00:01","2015-12-15 23:59","Continuous","One eastbound and westbound lane will be blocked due to installation of sanitary sewer.","Planned"
"25493","SMALL ST","QUEENS QUAY E","","","Toronto and East York","Local","43.64674","-79.36207","2015-08-17 07:00","2015-12-15 19:00","Daily","The southbound lane will be occupied due to installation of dewatering system, sewer and permanent restoration.","Planned"
"25554","FINCH AVE E","MILLIKEN BLVD","","","Scarborough","Major Arterial","43.80183","-79.294276","2015-05-21 13:14","2015-10-30 16:14","Continuous","The westbound curb lane will be occupied due to sidewalk construction.","Planned"
"25557","SPADINA AVE","BLOOR ST W","","","Toronto and East York","Major Arterial","43.666758","-79.403835","2015-08-15 13:56","2015-11-24 16:56","Continuous","Two northbound lanes will be occupied due to structural paving rehabilitation project involves repairs of waterproofing and asphalt paving work.","Planned"
"25584","MCNICOLL AVE","KENNEDY AVE","","","Scarborough","Minor Arterial","43.81232","-79.301","2015-05-21 07:00","2015-10-30 19:00","Daily","The eastbound and westbound curb lane will be occupied due to watermain and sidewalk construction.","Planned"
"25585","MILLIKEN BLVD","FINCH AVE E","","","Scarborough","Major Arterial","43.801831","-79.2943","2015-05-28 07:00","2015-10-30 19:00","Weekdays","The northbound curb lane will be occupied due to sidewalk construction.","Planned"
"25592","SPADINA RD","","BLOOR ST W","LOWTHER AVE","Toronto and East York","Minor Arterial","43.66706","-79.40399","2015-08-15 00:01","2015-11-24 23:59","Continuous","Two northbound lanes will be occupied due to structural paving rehabilitation project by Duron Ontario Ltd.","Planned"
"25611","MARKHAM RD","COUGAR CRT","","","Scarborough","Major Arterial","43.747838","-79.220912","2015-08-03 00:01","2016-02-01 23:59","Continuous","Two northbound lanes 700 M north of Cougar Crt will be occupied due to bridge repairs.","Planned"
"25629","KIPLING AVE","","HENLEY CRES","LAKELAND DR","Etobicoke York","Major Arterial","43.730468","-79.575804","2015-08-22 07:00","2015-10-30 19:00","Daily","Two southbound left lanes will be occupied due to replacing Kipling/Humber River bridge deck.","Planned"
"25637","DUPONT ST","SPADINA RD","","","Toronto and East York","Minor Arterial","43.674841","-79.407113","2015-05-05 09:00","2015-11-05 16:00","Daily","Southeast corner curb lanes will be blocked due to hole drilling.","Planned"
"25711","FINCH AVE W","","WESTON RD","ALEXDON RD","Etobicoke York","Major Arterial","43.751988","-79.542394","2015-08-22 09:00","2015-10-16 16:00","Continuous","All lanes (one at a time) will be occupied due to utility daylighting (test holes) in various locations along Finch Ave W.","Planned"
"25725","MAIN ST","","KINGSTON RD","GERRARD ST E","Toronto and East York","Minor Arterial","43.678926","-79.298019","2015-08-24 07:00","2015-10-31 19:00","Daily","The northbound curb lane will be occupied due to full length trenchless rehabilitation of existing water mains.","Planned"
"25745","CANMORE BLVD","","MORRISH RD","CONLINS RD","Scarborough","Collector","43.79362","-79.1804","2015-08-25 00:01","2015-10-10 23:59","Continuous","The westbound lane will be occupied due to road reconstruction by Sanscon Construction Ltd.","Planned"
"25780","EGLINTON AVE E","","WALDER AVE","CLEVELAND ST","Toronto and East York","Major Arterial","43.71023","-79.381058","2015-09-04 09:00","2015-10-05 16:00","Daily","All eastbound and westbound lanes will be occupied one lane at a time due to THESL underground installation.","Planned"
"25787","ADELAIDE ST W","","GRAND OPERA LANE","YONGE ST","Toronto and East York","Minor Arterial","43.65044","-79.3785","2015-09-01 00:01","2015-11-01 23:59","Continuous","Eastbound curb lane will be occupied due to Thesl underground installation.","Planned"
"25815","NORTHCLIFFE BLVD","","ST CLAIR AVE W","ROSEMOUNT AVE","Toronto and East York","Local","43.677777","-79.440598","2015-08-24 07:00","2016-02-11 19:00","Continuous","Southbound lane restrictions at 94 Northcliffe Blvd. due to installation of sign.","Planned"
"25846","FRANCINE DR","","LESLIE ST","ZIRCON CRT","North York","Collector","43.805818","-79.368528","2015-08-27 07:00","2015-11-19 19:00","Daily","The eastbound right lane will be occupied due to installation of new Toronto Hydro infrastructure.","Planned"
"25893","FINCH AVE E","","TIFFIELD RD","BRIMLEY RD","Scarborough","Major Arterial","43.810729","-79.253668","2015-09-01 07:00","2015-11-30 19:00","Daily","The eastbound and westbound lanes will be occupied due to installation of new poles.","Planned"
"26030","HATHOR CRES","","ROWNTREE MILL RD","ROWNTREE MILL RD","Etobicoke York","Local","43.753463","-79.576123","2015-08-31 07:00","2015-10-31 19:00","Daily","All lanes will be occupied in all directions one lane at a time due to THESL underground installation.","Planned"
"26121","WARDEN AVE","","SHEPPARD AVE E","ELLESMERE RD","Scarborough","Major Arterial","43.778561","-79.307938","2015-09-14 06:00","2015-11-30 23:00","Daily","The southbound curb lane and northbound curb lane will be occupied due to major road resurfacing.","Planned"
"26122","WARDEN AVE","","SHEPPARD AVE E","ELLESMERE RD","Scarborough","Major Arterial","43.761308","-79.30065","2015-09-14 06:00","2015-11-30 23:00","Daily","The northbound curb lane and southbound curb lane will be occupied due to major road resurfacing.","Planned"
"26142","ST CLAIR AVE W","","FOXBAR RD","YONGE ST","Toronto and East York","Major Arterial","43.68663","-79.4007","2015-09-03 09:00","2015-10-09 16:00","Daily","The westbound curb lane will be occupied for drilling of 21 boreholes.","Planned"
"26147","STEELES AVE E","HWY 404","","","North York","Major Arterial","43.813118","-79.352145","2015-09-04 00:01","2015-12-01 23:59","Continuous","2 westbound lanes and the sidewalk will be occupied due to bridge rehabilitation.","Planned"
"26280","DUPONT ST","SPADINA RD","SPADINA RD","DUPONT ST","Toronto and East York","Major Arterial","43.67486","-79.40713","2015-09-08 07:00","2015-10-12 23:00","Continuous","Eastbound and Westbound lane reductions for left turn lanes on Dupont St and Southbound on Spadina Rd due to construction of Toronto Hydro infrastructure.","Planned"
"26282","FINCH AVE W","HWY 27 to ISLINGTON AVE","","","Etobicoke York","Major Arterial","43.735544","-79.596866","2015-09-14 09:00","2015-10-09 16:00","Daily","All eastbound and westbound lanes will be occupied one lane at a time due to utility daylighting (test holes) in various locations along Finch Ave W.","Planned"
"26351","BREMNER BLVD","","YORK ST","LAKE SHORE BLVD W","Toronto and East York","Collector","43.64297","-79.38003","2015-09-09 07:00","2015-10-28 22:30","Continuous","Road will be closed on the following dates by Maple Leaf Sports & Entertainment Ltd:
Sept 9, 11a-3p - World Cup of Hockey Announcement
Sept 12 & 13, 7a-9p - Leaf Fanfest
Sept 26, 8a-10p - Coke Game Day
Oct 7, 5p-10:30p - Leafs Home Opener
Oct 28, 5p-10:30p - Raptors Home Opener","Planned"
"26383","ELIZABETH ST","","EDWARD ST","DUNDAS ST W","Toronto and East York","Collector","43.655938","-79.385359","2015-08-17 07:00","2015-10-30 19:00","Daily","The southbound curb lane will be occupied due to underground utility installation.","Planned"
"26403","BATHURST ST","","ST CLAIR AVE W","ROSEMARY LANE","Toronto and East York","Major Arterial","43.683041","-79.418261","2015-09-10 07:00","2015-11-30 19:00","Continuous","One northbound and southbound lane will be occupied due to bathurst street resurfacing.","Planned"
"26407","O CONNOR DR","","ST CLAIR AVE E","EGLINTON AVE E","Toronto and East York","Major Arterial","43.705397","-79.312817","2015-09-10 00:01","2015-11-30 23:59","Continuous","Two westbound lanes will be occupied due to road reconstruction of Bathurst St.","Planned"
"26446","BIRMINGHAM ST","TWENTIETH ST","","","Etobicoke York","Collector","43.600232","-79.520206","2015-09-14 07:00","2015-10-14 19:00","Continuous","The westbound lane will be occupied due to manhole rebuild.","Planned"
"26473","MIDWEST RD","350 MIDWEST RD","","","Scarborough","Local","43.760998","-79.271363","2015-09-21 07:00","2015-10-16 16:00","Daily","One lane at a time will be blocked due to electrical work.","Planned"
"26477","VICTORIA PARK AVE","","FINCH AVE E","MCNICOLL AVE","Scarborough","Major Arterial","43.798914","-79.334057","2015-09-11 07:00","2015-12-11 19:00","Daily","Southbound curb lane will be occupied due to pole removal and replacement.","Planned"
"26497","RIVER ST","","LABATT AVE","OAK ST","Toronto and East York","Minor Arterial","43.659762","-79.357528","2015-09-12 09:00","2015-10-09 16:00","Daily","The northbound curb lane will be occupied due to THESL underground installation.","Planned"
"26512","MIDWEST RD","MIDLAND AVE","","","Scarborough","Collector","43.760585","-79.271191","2015-09-21 07:00","2015-10-16 19:00","Daily","The northbound and southbound lanes will be occupied alternately due to trench for hydro ducts.","Planned"
"26527","LESLIE ST","","COMMISSIONERS ST","LAKE SHORE BLVD E","Toronto and East York","Collector","43.65778","-79.32734","2015-09-15 00:01","2015-10-31 23:59","Continuous","One lane northbound and southbound will be occupied due to TTC Leslie Street Connection Track Project by Pomerleau. (Lane reductions on Lake Shore Blvd required to re-build median to occur during off-peak hours: from 7a-3p eastbound; from 9a-7p westbound).","Planned"
"26552","BRIDGEND ST","","EASTPORT DR","BRIDGEPORT DR","Scarborough","Local","43.776264","-79.137924","2015-09-15 07:00","2015-10-15 19:00","Continuous","The eastbound and westbound lanes will be occupied due to THESL underground installation.","Planned"
"26585","MIDLAND AVE","","FISHLEIGH DR","KINGSTON RD","Scarborough","Major Arterial","43.702066","-79.24441","2015-09-14 07:00","2016-06-30 21:00","Daily","The northbound curb lane and southbound curb lane will be occupied due to new water main installation. This will be conducted by Kenco Construction Ltd.","Planned"
"26588","FINCH AVE E","","DON MILLS RD","SENECA HILL DR","North York","Major Arterial","43.793663","-79.350395","2015-09-28 07:00","2016-06-30 19:00","Daily","The eastbound curb lane and westbound curb lane will be occupied due to new watermain installation. This will be conducted by Kenco Construction Ltd.","Planned"
"26593","MCCOWAN RD","","COLONIAL AVE","COLONIAL AVE","Scarborough","Local","43.733165","-79.235861","2015-09-28 07:00","2016-06-30 19:00","Daily","One northbound and southbound lane will be occupied due to water main installation by Kenco Construction Ltd.","Planned"
"26626","MARKHAM RD","","NUGGET AVE","FINCH AVE E","Scarborough","Major Arterial","43.79854","-79.24104","2015-09-18 00:01","2015-11-15 23:59","Continuous","Northbound and Southbound 1 lane will be occupied due to Markham Rd bridge rehabilitation.","Planned"
"26629","COXWELL AVE","698 COXWELL AVE","","","Toronto and East York","Minor Arterial","43.68355","-79.32371","2015-09-17 09:00","2015-10-20 16:00","Continuous","Southbound curb lane will be occupied due to thesl underground installation.","Planned"
"26636","BIRCHMOUNT RD","","ELLESMERE RD","LAWRENCE AVE E","Scarborough","Major Arterial","43.763293","-79.291325","2015-06-11 07:00","2015-11-01 19:00","Daily","The northbound curb lane and southbound curb lane will be occupied due to road resurfacing and concrete curb replacement.","Planned"
"26663","MORNINGSIDE AVE","","GARDENTREE ST","CUMBER AVE","Scarborough","Major Arterial","43.760076","-79.182855","2015-09-18 07:00","2015-10-16 19:00","Daily","The northbound and southbound curb lanes will be occupied due to geotechnical borehole investigation.","Planned"
"26699","YORK MILLS RD","","LESLIE ST","UPJOHN RD","North York","Major Arterial","43.75397","-79.35545","2015-09-17 00:01","2015-12-15 23:59","Continuous","One lane eastbound and westbound will be occupied due to bridge rehabilitation over Go Transit/Metrolinx by SNC Lavalin.","Planned"
"26707","PARK LAWN RD","LAKE SHORE BLVD W","","","Etobicoke York","Major Arterial","43.622989","-79.481234","2015-09-21 09:00","2015-10-31 18:00","Continuous","One northbound lane and two southbound lanes will be occupied due to gas main relocation and sanitary sewer replacement.","Planned"
"26709","RIVERVIEW DR","SNOWDON AVE","","","North York","Local","43.732307","-79.390113","2015-10-01 00:01","2015-12-31 23:59","Continuous","Eastbound and westbound lanes will be occupied due to road reconstruction.","Planned"
"26732","DUNDAS ST W","RONCESVALLES AVE","","","Toronto and East York","Major Arterial","43.653744","-79.451776","2015-09-21 07:30","2015-12-31 17:00","Continuous","The eastbound curb lane will be occupied due to streetscape improvements.","Planned"
"26777","BATHURST ST","","LAURELCREST AVE","ALMORE AVE","North York","Major Arterial","43.744203","-79.435693","2015-09-23 09:30","2015-10-07 15:30","Daily","The northbound lane will be occupied due to directional drilling and hydro vac.","Planned"
"26800","MCCOWAN RD","CHANNEL NINE CRT","","","Scarborough","Major Arterial","43.785411","-79.256441","2015-09-22 07:00","2015-10-06 19:00","Daily","Southbound curb lane will be occupied due to borehole drilling for Toronto Transit Commission.","Planned"
"26811","CHANNEL NINE CRT","","","","Scarborough","Collector","43.784028","-79.256295","2015-09-22 07:00","2015-10-09 19:00","Weekdays","The northbound lane will be occupied due borehole drilling. This will be conducted by Golder Associates.","Planned"
"26814","FALSTAFF AVE","","CULFORD RD","AMBER CRES","Etobicoke York","Collector","43.718124","-79.491784","2015-09-21 07:00","2015-12-31 19:00","Daily","The eastbound and westbound lanes will be occupied due to basement flooding protection project for city of Toronto.","Planned"
"26834","KING ST W","JOHN ST","","","Toronto and East York","Major Arterial","43.64657","-79.38973","2015-09-21 07:00","2015-12-21 23:00","Daily","Eastbound and then westbound curb lanes will be blocked due to Toronto Hydro work.","Planned"
"26844","DUNDAS ST W","","THE EAST MALL","AUKLAND RD","Etobicoke York","Minor Arterial","43.628017","-79.558952","2015-09-21 06:00","2015-11-20 23:00","Daily","The eastbound and westbound lanes will be occupied due to major road resurfacing; partially sidewalk and curb replacement.","Planned"
"26845","WOODFIELD RD","","QUEEN ST E","DUNDAS ST E","Toronto and East York","Collector","43.665386","-79.32122","2015-09-21 07:00","2015-12-21 19:00","Daily","The southbound curb lane will be occupied due to water main replacement.","Planned"
"26860","HOSKIN AVE","","ST GEORGE ST","QUEENS PARK CRES W","Toronto and East York","Minor Arterial","43.66457","-79.396059","2015-09-22 07:00","2015-10-09 17:00","Weekdays","The eastbound curb lane will be occupied due to utility cuts. This will be conducted by Ferpac Paving Inc.","Planned"
"26869","SCOTT ST","","COLBORNE ST","WELLINGTON ST E","Toronto and East York","Collector","43.648467","-79.376197","2015-10-01 07:00","2015-10-31 19:00","Weekdays","The southbound lane will be closed due to the storing of materials. This will be conducted by Bird Construction Group.","Planned"
"26901","MARKHAM RD","","SHEPPARD AVE E","STEELES AVE E","Scarborough","Major Arterial","43.794038","-79.238764","2015-09-24 09:00","2015-10-26 06:00","Continuous","The northbound and southbound lanes will be occupied interchangeably due to road repairs, milling and paving catch basins.","Planned"
"26908","FAIRWOOD CRES","OLD KINGSTON RD","","","Scarborough","Collector","43.773953","-79.184038","2015-09-14 07:00","2015-11-30 19:00","Continuous","1 northbound and 1 southbound lane will be occupied due to road reconstruction and swale rehabilitation.","Planned"
"26911","CLUBHOUSE CRT","","","","North York","Local","43.743922","-79.499731","2015-09-23 07:00","2015-10-30 19:00","Daily","The southbound curb lane will be occupied due to undeground rehabilitation.","Planned"
"26912","DORVAL RD","BLOOR ST W","","","Toronto and East York","Collector","43.656182","-79.454395","2015-09-28 07:00","2015-10-06 19:00","Daily","The southbound curb lane will be occupied due to pit digging, conduit repairing, and placing cable.","Planned"
"26918","PLACER CRT","MCNICOLL AVE","","","North York","Collector","43.803021","-79.341708","2015-09-28 07:00","2015-11-30 16:00","Daily","The cul de sac will be occupied due to THESL underground installation.","Planned"
"26923","WEST POINT AVE","ROUGE HILLS DR","","","Scarborough","Local","43.792392","-79.124987","2015-09-14 07:00","2015-11-30 19:00","Daily","1 eastbound and 1 westbound lane will be occupied due to road reconstruction and swale rehab.","Planned"
"26933","THE QUEENSWAY","","THE WEST MALL","SHERWAY DR","Etobicoke York","Major Arterial","43.610731","-79.561369","2015-10-02 07:00","2015-10-06 15:00","Daily","The westbound left lane will be occupied due to adjustment to maintenance chambers.","Planned"
"26948","HARBORD ST","","ST GEORGE ST","BATHURST ST","Toronto and East York","Collector","43.662667","-79.404078","2015-09-24 07:00","2015-10-09 17:00","Daily","Eastbound and westbound bike lanes will be occupied due to utility cut repairs.","Planned"
"26960","GILDER DR","MIDLAND AVE","","","Scarborough","Local","43.736718","-79.255687","2015-09-30 07:00","2015-10-05 19:00","Weekdays","The eastbound curb lane will be occupied due to the place alp and pull cable work. This will be conducted by Aecon Utilities.","Planned"
"26974","ROEHAMPTON AVE","","REDPATH AVE","MOUNT PLEASANT RD","North York","Local","43.709103","-79.393276","2015-09-24 09:00","2015-10-10 16:00","Daily","The eastbound lane will be occupied due to directional drilling and hydrovac.","Planned"
"26978","MARCIA AVE","CALEDONIA RD","","","North York","Local","43.710496","-79.466308","2015-09-30 06:00","2016-10-02 18:00","Daily","The eastbound curb lane and westbound curb lane will be occupied due to CCTV and cleaning of sewer pipe.","Planned"
"27021","BOOTH AVE","","EASTERN AVE","LAKE SHORE BLVD E","Toronto and East York","Local","43.65578","-79.3417","2015-09-23 07:00","2015-12-31 19:00","Daily","The southbound curb lane will be occupied due to watermain rehabilitation by Ferpal Infrastructure.","Planned"
"27032","BRENYON WAY","","WICKSON TRL","JOHN TABOR TRL","Scarborough","Collector","43.805537","-79.211549","2015-09-30 07:00","2015-10-05 19:00","Daily","The eastbound curb lane will be occupied due to cable pulling.","Planned"
"27033","PETROLIA RD","","LIMESTONE CRES","STEELES AVE W","North York","Local","43.780015","-79.489006","2015-09-28 09:00","2015-10-06 16:00","Daily","The northbound curb lane will be occupied due to pit,conduit installation and cable placing.","Planned"
"27036","ST CLAIR AVE W","","PINEWOOD AVE","WYCHWOOD AVE","Toronto and East York","Major Arterial","43.682035","-79.424557","2015-09-28 09:00","2015-10-09 16:00","Daily","The eastbound curb lane will be occupied due to dig pit, repair conduit and cable placing.","Planned"
"27040","MORNINGSIDE AVE","","KINGSTON RD","LAWRENCE AVE E","Scarborough","Major Arterial","43.770866","-79.187104","2015-09-28 09:00","2015-10-03 16:00","Daily","The eastbound and westbound curb lanes will be occupied due to road and construction work.","Planned"
"27048","ORDE ST","UNIVERSITY AVE","","","Toronto and East York","Local","43.65865","-79.39032","2015-09-28 08:00","2015-10-07 17:00","Continuous","Eastbound curb lane will be occupied due to fiber optic installation.","Planned"
"27049","SIMCOE ST","QUEEN ST W","","","Toronto and East York","Minor Arterial","43.65064","-79.38742","2015-09-30 08:00","2015-10-06 17:00","Continuous","Northbound curb lane will be occupied due to fibre optic installation.","Planned"
"27071","THE WEST MALL","SHERWAY GARDENS RD","","","Etobicoke York","Minor Arterial","43.609579","-79.560373","2015-09-29 07:00","2015-10-03 19:00","Daily","One eastbound and westbound lane will be occupied due to sewer service installation.","Planned"
"27083","WARDEN AVE","DANFORTH AVE","","","Scarborough","Major Arterial","43.694417","-79.273631","2015-09-30 09:00","2015-10-03 16:00","Daily","The northbound right lane will be occupied due to duct installation.","Planned"
"27098","ADELAIDE ST W","507 ADELAIDE ST W","","","Toronto and East York","Major Arterial","43.645476","-79.401674","2015-09-28 07:00","2015-10-05 19:00","Daily","The eastbound curb lane will be occupied due to emergency sewer repair.","Planned"
"27111","LAWRENCE AVE E","RAILSIDE RD","","","North York","Major Arterial","43.740631","-79.324573","2015-09-14 09:30","2015-10-09 15:30","Daily","The eastbound curb lane will be occupied due to drilling boreholes.","Planned"
"27112","QUEEN ST W","","PORTLAND ST","RYERSON AVE","Toronto and East York","Major Arterial","43.647734","-79.401405","2015-09-28 07:00","2015-10-28 19:00","Daily","The eastbound lane will be occupied due to full length trenchless by City of Toronto.","Planned"
"27113","METEOR DR","CARLINGVIEW DR","","","Etobicoke York","Local","43.680799","-79.592847","2015-09-23 07:00","2015-10-08 19:00","Daily","The eastbound curb lane will be occupied due to pit, conduit installation and cable placement.","Planned"
"27117","BAYVIEW AVE","","ROSEDALE VALLEY RD","RIVER ST","Toronto and East York","Major Arterial","43.669806","-79.359585","2015-09-28 09:30","2015-10-09 15:30","Daily","The southbound right lane will be occupied due to borehole drilling.","Planned"
"27125","PARK LAWN RD","","LEGION RD N","LAKE SHORE BLVD W","Etobicoke York","Major Arterial","43.623087","-79.4813","2015-09-28 00:01","2015-11-15 23:59","Continuous","The northbound and southbound lanes will be occupied due to road widening, resurfacing and sanitary sewer replacement.","Planned"
"27126","WILSON AVE","","CLAYSON RD","JETHRO RD","Etobicoke York","Major Arterial","43.717745","-79.523052","2015-09-30 20:00","2015-10-03 05:00","Daily","The eastbound lane will be occupied due to bridge reconstruction.","Planned"
"27127","MCCOWAN RD","LAWRENCE AVE E","","","Scarborough","Major Arterial","43.755516","-79.245469","2015-09-28 07:00","2015-10-07 19:00","Daily","The southbound lane will be occupied due to borehole drilling and sample collection.","Planned"
"27141","THE QUEENSWAY","","THE WEST MALL","NORTH QUEEN ST","Etobicoke York","Major Arterial","43.613683","-79.560504","2015-10-02 09:00","2015-10-06 16:00","Weekdays","The westbound left lane will be occupied due to adjustment for maintenance chambers.","Planned"
"27149","WESTON RD","WILBY CRES","","","Etobicoke York","Major Arterial","43.698641","-79.511996","2015-09-29 11:50","2015-10-10 14:50","Daily","Eastbound and westbound curb lanes will be occupied due to directional drilling.","Planned"
"27150","YONGE ST","248 Yonge St","SHUTER ST","DUNDAS SQ","Toronto and East York","Major Arterial","43.65481","-79.38024","2015-09-27 23:00","2015-10-14 05:00","Daily","Two northbound lanes will be occupied due to hoisting with a 40 ton boom truck by P. Lombardi Developments Inc.

Time period:
Sept. 27  30; 11p  5a
Oct. 4  8; 11p  5a
Oct. 11  14; 11p  5a","Planned"
"27151","LAWRENCE AVE E","RAILSIDE RD","","","North York","Major Arterial","43.74075","-79.32458","2015-09-28 09:30","2015-10-09 15:30","Weekdays","Two eastbound right lanes will be occupied due to borehole drilling by Exp Energy Services Ltd. (Time period: Sept. 14, 28 - 29, and Oct. 9; 9:30a - 3:30p)","Planned"
"27158","ELLESMERE RD","","MEADOWVALE RD","ZAPH AVE","Scarborough","Minor Arterial","43.79246","-79.16366","2015-09-30 09:00","2015-10-16 16:00","Daily","The eastbound and westbound curb lanes will be occupied for repairs to utility cuts - mainly concrete sidewalk work.","Planned"
"27159","ZIRCON CRT","MCNICOLL AVE","","","Scarborough","Local","43.802674","-79.364024","2015-09-29 07:00","2015-11-30 19:00","Daily","Eastbound and westbound lanes will be blocked due to Toronto Hydro work.","Planned"
"27161","YONGE ST","WOODLAWN AVE W","","","North York","Major Arterial","43.683938","-79.392398","2015-09-29 09:30","2015-10-15 15:30","Daily","Various lanes will be blocked due to trench work.","Planned"
"27162","WESTON RD","WILBY CRES","","","Etobicoke York","Major Arterial","43.698395","-79.511277","2015-09-29 09:00","2015-10-10 16:00","Daily","Eastbound and westbound curb lanes will be blocked due to drilling and trenching work.","Planned"
"27164","FRANCINE DR","ZIRCON CRT","","","North York","Local","43.80512","-79.3649","2015-09-29 07:00","2015-11-30 19:00","Daily","The northbound and southbound curb lanes will be occupied for THESL underground installation.","Planned"
"27165","MCNICOLL AVE","","ZIRCON CRT","BEDLE AVE","North York","Major Arterial","43.802647","-79.364083","2015-09-29 09:00","2015-11-30 16:00","Daily","The northbound and southbound lanes will be occupied (alternating) due to THESL underground installation.","Planned"
"27167","ST CLAIR AVE W","","AVENUE RD","POPLAR PLAINS CRES","Toronto and East York","Major Arterial","43.686613","-79.401546","2015-10-01 09:30","2015-10-09 15:30","Daily","The eastbound curb lane will be occupied due to pit and conduit repairs.","Planned"
"27171","GOODYEAR CRES","","CLANSMAN BLVD","BELLEMEADE LANE","North York","Local","43.802396","-79.361886","2015-09-29 07:00","2015-11-30 19:00","Daily","The southbound curb lane will be occupied due to underground work.","Planned"
"27172","KINGSTON RD","","MCCOWAN RD","DORSET RD","Scarborough","Major Arterial","43.725184","-79.232487","2015-09-29 09:00","2015-10-15 18:00","Daily","The westbound curb lane and passing lane will be occupied due to utility cut repairs, sidewalk and road work.","Planned"
"27173","KINGSTON RD","","FAIRWOOD CRES","AMIENS RD","Scarborough","Major Arterial","43.773811","-79.183802","2015-09-30 09:00","2015-10-16 16:00","Daily","The westbound passing lane will be occupied due to repairs to utility cut and concrete sidewalk work.","Planned"
"27175","EAST AVE","BARONIAL CRT","","","Scarborough","Collector","43.786375","-79.133978","2015-10-01 07:00","2015-12-01 17:00","Daily","The southbound curb lane will be occupied due to rehabilitation of existing sewers.","Planned"
"27176","GIDEON CRT","BRAHMS AVE","","","North York","Local","43.796994","-79.360162","2015-09-29 07:00","2015-11-30 19:00","Daily","The eastbound and westbound Cul De Sac will be occupied due to underground installation.","Planned"
"27180","BRAHMS AVE","","MCNICOLL AVE","GIDEON CRT","Scarborough","Local","43.79959","-79.360081","2015-09-29 07:00","2015-10-30 19:00","Daily","The northbound and southbound lanes will be occupied alternately due to underground installation.","Planned"
"27181","DANFORTH AVE","BIRCHMOUNT RD","","","Scarborough","Major Arterial","43.697052","-79.263996","2015-09-29 09:00","2015-10-29 16:00","Daily","The eastbound and westbound lanes will be occupied alternately due to underground installation.","Planned"
"27182","SIMCOE ST","DUNDAS ST W","","","Toronto and East York","Minor Arterial","43.654686","-79.389213","2015-09-30 21:11","2015-10-07 00:11","Daily","The northbound curb lane will be occupied due to Hydro work.","Planned"
"27184","PORT UNION RD","","HWY 401","LAWSON RD","Scarborough","Major Arterial","43.789689","-79.14097","2015-09-30 09:00","2015-10-16 16:00","Daily","The northbound and southbound centre lanes will be occupied due to repairs to utility cut and sidewalk work.","Planned"
"27189","MILITARY TRL","The University of T Scarborough Campus","OLD KINGSTON RD","","Scarborough","Minor Arterial","43.781892","-79.172967","2015-09-30 09:00","2015-10-16 16:00","Daily","The eastbound and westbound curb lanes will be occupied due to repairs to utility cuts.","Planned"
"27194","BAYVIEW AVE","GERRARD ST E","","","Toronto and East York","Major Arterial","43.665483","-79.352617","2015-09-29 07:00","2015-10-05 19:00","Daily","The southbound lane will be occupied due to boreholes.","Planned"
"27195","GLAMORGAN AVE","PROGRESS AVE","DUNDALK DR","WILLIAM KITCHEN RD","Scarborough","Collector","43.769363","-79.282748","2015-09-30 09:00","2015-10-16 17:00","Daily","The eastbound curb lane will be occupied due to fiber optic placement.","Planned"
"27197","HIGHLAND CRES","","BEECHWOOD AVE","CEDARWOOD AVE","North York","Local","43.744517","-79.39602","2015-10-01 02:46","2015-12-01 05:46","Continuous","The northbound lane will be occupied due to full length trenchless rehabilitation.","Planned"
"27199","BAYLAWN DR","from Boarhill Dr to E Highland Creek","BOARHILL DR","","Scarborough","Local","43.80024","-79.2882","2015-10-01 07:00","2015-12-01 17:00","Daily","The southbound lane will be occupied due to full length trenchless rehabilitation of existing gravity sewers by Capital Sewer Services Inc.","Planned"
"27211","DUFFERIN ST","","JANE OSLER BLVD","WILSON AVE","North York","Major Arterial","43.732055","-79.459054","2015-09-30 09:00","2015-10-05 16:00","Daily","All lanes will be occupied (alternating single lanes) due to corehole drilling in the pavement.","Planned"
"27215","QUEEN ST W","460 Queen St W","","","Toronto and East York","Major Arterial","43.648087","-79.399557","2015-10-01 09:00","2015-10-12 16:00","Daily","The westbound curb lane will be occupied due to placing new conduit and fibre optic cable.","Planned"
"27216","GLAMORGAN AVE","","DUNDALK DR","WILLIAM KITCHEN RD","Scarborough","Collector","43.769497","-79.282","2015-09-30 09:00","2015-10-16 16:00","Daily","The eastbound curb lane will be occupied due to fibre optic placement.","Planned"
"27217","MCCOWAN RD","PITFIELD RD","","","Scarborough","Major Arterial","43.787362","-79.257318","2015-10-01 09:00","2015-10-16 16:00","Daily","The southbound curb lane will be occupied due to borehole drilling for the Toronto Transit Commission.","Planned"
"27218","BEECHGROVE DR","51 Beechgrove Dr","","","Toronto and East York","Collector","43.696297","-79.354438","2015-10-01 00:01","2015-10-03 23:59","Continuous","The eastbound lanes will be occupied due to concrete pumping for construction inside Highland Creek WTP.","Planned"
"27230","MILL RD","","STONEHAM RD","BURNHAMILL PL","Etobicoke York","Collector","43.641248","-79.585755","2015-09-30 00:01","2015-10-02 23:59","Weekdays","The northbound curb lane will be occupied due to water service repair.","Planned"
"27234","ELLESMERE RD","MORNELLE CRT","","","Scarborough","Major Arterial","43.784815","-79.19548","2015-10-01 07:00","2015-12-01 17:00","Daily","The southbound right lane will be occupied due to full length trenchless rehabilitation of existing sewers.","Planned"
"27239","SPADINA RD","","DAVENPORT RD","MACPHERSON AVE","Toronto and East York","Minor Arterial","43.67745","-79.408139","2015-10-01 00:01","2015-12-24 23:59","Daily","The southbound right lane will be occupied due to full length trenchless rehabilitation of existing water mains.","Planned"
"27241","SHEPPARD AVE E","BROWNSPRING RD","","","Scarborough","Major Arterial","43.788837","-79.262504","2015-10-01 09:00","2015-11-01 16:00","Daily","The eastbound curb lane will be occupied due to underground installation.","Planned"
"27242","TIDWORTH SQ","PITFIELD RD","","","Scarborough","Collector","43.786919","-79.262832","2015-10-01 07:00","2015-11-01 19:00","Daily","The southbound and northbound lanes will be occupied alternately due to underground installation.","Planned"
"27243","LAWNMERE CRES","KEYWORTH TRL","","","Scarborough","Local","43.785186","-79.260038","2015-10-01 07:00","2015-11-01 19:00","Daily","The eastbound, westbound, southbound and northbound lanes will be occupied alternately due to underground installation.","Planned"
"27244","STONEWALL GT","","PITFIELD RD","LAWNMERE CRES","Scarborough","Collector","43.785436","-79.262416","2015-10-01 07:00","2015-11-01 19:00","Daily","The eastbound curb lane will be occupied alternately due to underground installation.","Planned"
"27245","PITFIELD RD","","BROWNSPRING RD","CLEETHORPES BLVD","Scarborough","Local","43.787397","-79.261891","2015-10-01 07:00","2015-11-01 19:00","Daily","The southbound, northbound, eastbound and westbound lanes will be occupied alternately due to underground installation.","Planned"
"27265","BAY ST","various locations","DUNDAS ST W","HAGERMAN ST","Toronto and East York","Major Arterial","43.65572","-79.38375","2015-09-21 07:00","2015-10-16 21:00","Daily","The following locations will be occupied due to Nuit Blanche installation and logistics:
Sept. 21  Oct. 16, 7a-9p: Chestnut St  curb lane bet. Armoury St & S/S of Doubletree Hotel
Sept. 21  Oct. 13, 9a-5p: sidewalk reduction north of N/E cor of Westin Harbour Castle
Sept. 29  Oct. 4: 7a-6p: Devonshire Pl
Sept. 30, 6a-12p: Queens Park Cres E
Sept. 30  Oct. 4, 4p-6p: Queens Park Cres
Oct. 1  5, 6p-6p: S curb lane Bay St
Oct. 2  4, 6p-10a: Bay St
Oct. 3  4, 4p-9a: College St, Queens Quay
Oct. 3  4, 5p-8a: Bloor St, Queens Park,
Oct. 3  4. 6p-8a: Bay St, Queen St W
Oct. 3  4, 7p-7a: Mutual St","Planned"
"27273","WELLINGTON ST E","","CHURCH ST","YORK ST","Toronto and East York","Minor Arterial","43.64663","-79.38297","2015-10-01 07:00","2015-10-10 19:00","Daily","The westbound curb lane will be occupied due to road work.","Planned"
"27279","KING ST E","","RIVER ST","YONGE ST","Toronto and East York","Major Arterial","43.65148","-79.36736","2015-10-01 07:00","2015-10-31 19:00","Daily","The eastbound and westbound curb lanes will be occupied due to construction of concrete sidewalks and road repairs by the City of Toronto.","Planned"
"27280","CHURCH ST","","QUEEN ST E","WELLINGTON ST E","Toronto and East York","Minor Arterial","43.65066","-79.37476","2015-10-01 07:00","2015-10-15 19:00","Daily","The northbound and southbound curb lanes will be occupied due to construction of concrete sidewalks and road repairs by the City of Toronto.","Planned"
"27281","KING ST W","","RONCESVALLES AVE","UNIVERSITY AVE","Toronto and East York","Major Arterial","43.644121","-79.401611","2015-10-01 07:00","2015-10-31 19:00","Daily","Westbound and eastbound curb lanes will be occupied due to construction of sidewalks and road cut repairs.","Planned"
"27289","THOMPSON AVE","100 THOMPSON AVE","","","North York","Local","43.642447","-79.512834","2015-10-01 07:00","2015-10-03 16:00","Daily","One lane will be blocked due to water work.","Planned"
"27293","MICHAEL POWER PL","RESURRECTION RD","","","Etobicoke York","Collector","43.644587","-79.530772","2015-10-02 07:00","2015-10-16 19:00","Daily","The northbound curb lane will be occupied due to 53m drill shot.","Planned"
"27295","FRONT ST E","JARVIS ST","","","Toronto and East York","Minor Arterial","43.649513","-79.371407","2015-10-01 09:00","2015-10-09 16:00","Daily","The westbound curb lane will be occupied due to placement of cables.","Planned"
"27300","AVENUE RD","","DELORAINE AVE","BROOKDALE AVE","North York","Major Arterial","43.726985","-79.417529","2015-10-01 08:30","2015-10-30 16:00","Daily","Southbound curb lane will be occupied due to installing new poles.","Planned"
"27310","DUNDAS ST E","","PEMBROKE ST","ONTARIO ST","Toronto and East York","Major Arterial","43.658173","-79.372395","2015-10-02 10:00","2015-10-03 20:00","Daily","The road will be closed due to filming.","Planned"
"27320","YONGE ST","5095 Yonge St","","","Toronto and East York","Major Arterial","43.768537","-79.412751","2015-10-02 09:00","2015-10-03 17:00","Daily","The northbound curb lane will be occupied due to removal and installation of Future Shop and Best Buy signage.","Planned"
"27332","VICTORIA ST","","QUEEN ST E","KING ST E","Toronto and East York","Collector","43.652669","-79.378093","2015-10-01 07:00","2015-10-10 19:00","Daily","The northbound curb lane will be occupied due to city contract.","Planned"
"27333","BROADVIEW AVE","","GERRARD ST E","QUEEN ST E","Toronto and East York","Minor Arterial","43.664911","-79.352383","2015-10-01 07:00","2015-10-06 19:00","Daily","The northbound curb lane will be occupied due to utility cut repairs.","Planned"
"27335","BUSHBY DR","MCCOWAN RD","","","Scarborough","Collector","43.774996","-79.25107","2015-10-02 09:00","2015-10-16 18:00","Continuous","Northbound ramp from Bushy Dr to McCowan Rd will be closed due to curb repairs and replacing catch basins.","Planned"
"27349","COLLEGE ST","ROBERT ST","","","Toronto and East York","Major Arterial","43.65767","-79.40182","2015-10-02 09:30","2015-10-16 15:30","Daily","The eastbound curb lane will be occupied due to placing cable by Distinct Technical Services.","Planned"
"27363","CHARLOTTE ST","","ADELAIDE ST W","KING ST W","Toronto and East York","Major Arterial","43.64581","-79.393595","2015-10-02 07:00","2015-10-16 17:00","Daily","The northbound curb lane and southbound curb lane will be occupied due to permanent repairs to utility cuts.","Planned"
"27367","HIGH PARK AVE","DUNDAS ST W","","","Toronto and East York","Collector","43.665459","-79.470312","2015-10-02 07:00","2015-10-07 16:30","Daily","Southbound curb lane will be occupied due to new hydro service.","Planned"
"27368","LAWRENCE AVE E","MEADOWVALE RD","","","Scarborough","Minor Arterial","43.775051","-79.156404","2015-10-02 09:00","2015-10-07 16:00","Daily","Eastbound curb and centre lanes will be occupied due to minor bridge repairs/bridge washing.","Planned"
"27369","ST CLAIR AVE W","1221 ST CLAIR AVE W","","","Toronto and East York","Major Arterial","43.677441","-79.444997","2015-10-02 07:00","2015-10-05 19:00","Daily","Eastbound curb lane and the westbound passing lane at 1221 St Clair Ave W will be occupied due to water service replacement.","Planned"
"27370","WESTON RD","349 WESTON RD","","","Etobicoke York","Major Arterial","43.679357","-79.4745","2015-10-02 07:00","2015-10-09 16:00","Daily","Northbound curb lane at 349 Weston Rd will be occupied due to road work.","Planned"
"27373","STRACHAN AVE","","EAST LIBERTY ST","FLEET ST","Toronto and East York","Minor Arterial","43.63924","-79.41086","2015-10-02 06:00","2015-10-31 18:00","Daily","The northbound and southbound lanes will have various lane restrictions due to deck replacement of F.G. Gardiner Expressway. One lane in each direction will always be opened.","Planned"
"27393","RIVERDALE AVE","CARLAW AVE","","","Toronto and East York","Minor Arterial","43.670729","-79.344022","2015-10-02 07:00","2015-10-09 19:00","Daily","One eastbound lane will be occupied due to emergency sewer repair.","Planned"
"27394","YORK ST","ADELAIDE ST W","","","Toronto and East York","Minor Arterial","43.649208","-79.384049","2015-10-02 07:00","2015-10-05 19:00","Daily","The northbound curb lane will be occupied due to the Scotiabank Nuit Blanche - Zone D Art Installation.","Planned"
"27413","QUEENS QUAY E","","LOWER JARVIS ST","COOPER ST","Toronto and East York","Minor Arterial","43.64394","-79.36894","2015-10-01 20:00","2015-10-05 17:00","Daily","The following locations will be occupied due to Nuit Blanche:
Oct 1-5; 12p-6p  Westin Harbour Castle (Bay St, Freeland St, Cooper St, Lower Jarvis St)
Oct 1-5; 8p-5p  Queens Quay E at Lower Jarvis St
Oct 2-4; 12p-5p  east section of Queens Quay E
Oct 2-4; 6p-7a  Cooper St
Oct 3-4; 7a-7p  Queens Quay E (Lower Jarvis St)
Oct 3; 12p-6p  Queens Quay E 
Oct 4; 12:01a-9a  Queens Quay E (Lower Jarvis St, S of Lake Shore Blvd E)
Oct 4; 9a-5p  Queens Quay E
Oct 5; 7a-5p  Queens Quay E (Cooper St)","Planned"
"27414","BATHURST ST","KING ST W","","","Toronto and East York","Major Arterial","43.643917","-79.40269","2015-10-02 19:00","2015-10-04 23:59","Daily","Northbound and Westbound curb lanes will be occupied due to construction of concrete sidewalks and road cut repairs.","Planned"
"27416","LUMSDEN AVE","240 - 242 Lumsden Ave","WOODBINE AVE","EASTDALE AVE","Toronto and East York","Minor Arterial","43.6941","-79.30979","2015-10-02 07:00","2015-10-05 17:00","Daily","The eastbound and westbound lanes will be occupied due to utility cut repairs by NuRoad Construction.","Planned"
